{"cameraMode":{"drawMode":0,"name":"Shaded","section":"Shading Mode"},"sceneLighting":true,"audioPlay":false,"sceneViewState":{"showFog":true,"showMaterialUpdate":false,"showSkybox":true,"showFlares":true,"showImageEffects":true,"showParticleSystems":true},"in2DMode":false,"pivot":{"x":-30.069908142089845,"y":-24.390419006347658,"z":21.15610694885254},"rotation":{"x":-0.2935757339000702,"y":0.48882827162742617,"z":-0.17898961901664735,"w":-0.8017624020576477},"size":67.962158203125,"orthographic":false}